{"_runtime":3,"_wandb":{"runtime":3},"val_accuracy":0.7692307692307693,"_timestamp":1.768467758835127e+09,"_step":499,"epoch":499,"train_loss":0.4863602908121215}