{"_step":499,"epoch":499,"_wandb":{"runtime":2},"_runtime":2,"train_loss":0.4391131069925096,"val_accuracy":0.7762237762237763,"_timestamp":1.768485665027197e+09}